https://stream.mux.com/DciVGKaKdGr017M4yElPoSLtS0101lTycVa.m3u8,Visualising Front-End Performance Bottlenecks – Richie McColl
https://stream.mux.com/PLbSe3hLxKPdjbJvOGK6v801sWIL016Vgm.m3u8,Blitz.js - The Fullstack React Framework – Brandon Bayer
https://stream.mux.com/UL02LySs8dS47m3paEg9SFqbcq1KvO3Xf.m3u8,React Accessibility: Beyond the Basics – Jen Luker
https://stream.mux.com/B00EYVwdWWYd7IMsJpcfH7u02RFGZJobkr.m3u8,Flipper: The Extensible DevTool Platform for React Native – Michel Weststrate
https://stream.mux.com/KEB8eGUZHvoTT37HUfb6Jn7kX00euk7jf.m3u8,The Language of Shapes: Understanding the SVG Path – Monica Wojciechowska
https://stream.mux.com/P2BSeC8kYHx01CGtUleu87iL4aq00X7Cx9.m3u8,The X in MDX – Rodrigo Pombo
https://stream.mux.com/dU01jAWeBkaw6rOQAPtUEdVBNVuJ3NVUP.m3u8,React Components and How To Style Them – Jemima Abu
https://stream.mux.com/Gn4vusf56ETsrhhPpOUs00Ns5RETiy4DS.m3u8,From Brittle to Supple: How Gatsby and MDX Made Our Documentation Smoothly Inclusive – Kathleen McMahon
https://stream.mux.com/IOf29026K2dAZJqFmN83nacM00PE01Dj5E7.m3u8,We are all Hemingway – Krasimir Tsonev
https://stream.mux.com/gv9xzlgU5V8MqOXhBdoc00kU2BkuYVsYx.m3u8,Accessibility as a First Class Citizen – Sophie Au
https://stream.mux.com/hT401Dwe00bukyUOrS4C8n006upnP01O8BM7.m3u8,Games are smarter than us – Liad Yosef
https://stream.mux.com/JoyRzh9YgcoubelFuRvhO00P3DbTI01XU01.m3u8,Testing Panel at React Summit 2020
https://stream.mux.com/EoIrGhmUjxZ3LvnMGE3P5KcUVBK4U028C.m3u8,Create collaborative VR environment in the browser with React and GraphQL – Vladimir Novick
https://stream.mux.com/Y1iIq4SPrj02VQrNsuHUBM601clJaCzV8y.m3u8,Introducing React View: A Set of Tools that Closes the Gap between Users, Developers and Designers of Component Libraries – Vojtech Miksu
https://stream.mux.com/GKcj8jnpYq6gBvtqFr9mfFtJkHknwFEF.m3u8,Fantastic Bugs and Where to Find Them – Iris Schaffer
